Clinic,Address,City,Phone
Ontario St Walk-in Clinic,318 Ontario Street,St. Catharines,905-682-0444
Glenridge Walk-in Clinic,209 Glenrdige Avenue,St. Catharines,289-362-5333
Geneva Street Walk-in Clinic,284 Geneva Street,St. Catharines,289-362-5525
Carlton Medical Centre,359 Carlton Street,St. Catharines,289-362-3949
Pelham Urgent Care Clinic,245 Pelham Road,St. Catharines,905-988-1933
Scott Street Medical Centre,387 Scott Street,St. Catharines,905-646-8383
Bunting and Carlton Medical Clinic,574 Carlton Street,St. Catharines,905-646-0063
Port Dalhousie Pharmacy and Walk-in Clinic,2 Lakeshore Road,St. Catharines,905-935-0002
Prompt Doc Urgent Care Clinic,532 Lake Street,St. Catharines,905-646-0015
Minor Emerg Walk-in Clinic,9 Court Street,St. Catharines,905-641-7588
Grantham Medical Clinic,400 Scott Street,St. Catharines,905-937-0000
St. Catharines General Hospital,1200 Fourth Avenue,St. Catharines,
Pathstone Mental Health,1338 Fourth Avenue,St. Catharines,905-688-6850
